{
  "properties": {
    "connectionReferences": {
      "shared_sharepointonline": {
        "runtimeSource": "embedded",
        "connection": {
          "connectionReferenceLogicalName": "new_sharedsharepointonline_42b8a"
        },
        "api": {
          "name": "shared_sharepointonline"
        }
      }
    },
    "definition": {
      "$schema": "https://schema.management.azure.com/providers/Microsoft.Logic/schemas/2016-06-01/workflowdefinition.json#",
      "contentVersion": "undefined",
      "parameters": {
        "$authentication": {
          "defaultValue": {},
          "type": "SecureObject"
        },
        "$connections": {
          "defaultValue": {},
          "type": "Object"
        }
      },
      "triggers": {
        "Recurrence": {
          "recurrence": {
            "frequency": "Day",
            "interval": "1",
            "startTime": "2024-06-10T02:00:00Z",
            "schedule": {
              "hours": [
                "9"
              ]
            },
            "timeZone": "SE Asia Standard Time"
          },
          "type": "Recurrence"
        }
      },
      "actions": {
        "HTTP": {
          "runAfter": {},
          "type": "Http",
          "inputs": {
            "uri": "https://api.vietqr.io/v2/banks",
            "method": "GET"
          },
          "runtimeConfiguration": {
            "contentTransfer": {
              "transferMode": "Chunked"
            }
          }
        },
        "Parse_JSON": {
          "runAfter": {
            "HTTP": [
              "Succeeded"
            ]
          },
          "type": "ParseJson",
          "inputs": {
            "content": "@body('HTTP')",
            "schema": {
              "type": "object",
              "properties": {
                "code": {
                  "type": "string"
                },
                "desc": {
                  "type": "string"
                },
                "data": {
                  "type": "array",
                  "items": {
                    "type": "object",
                    "properties": {
                      "id": {
                        "type": "integer"
                      },
                      "name": {
                        "type": "string"
                      },
                      "code": {
                        "type": "string"
                      },
                      "bin": {
                        "type": "string"
                      },
                      "shortName": {
                        "type": "string"
                      },
                      "logo": {
                        "type": "string"
                      },
                      "transferSupported": {
                        "type": "integer"
                      },
                      "lookupSupported": {
                        "type": "integer"
                      }
                    },
                    "required": [
                      "id",
                      "name",
                      "code",
                      "bin",
                      "shortName",
                      "logo",
                      "transferSupported",
                      "lookupSupported"
                    ]
                  }
                }
              }
            }
          }
        },
        "Update_item": {
          "runAfter": {
            "Parse_JSON": [
              "Succeeded"
            ]
          },
          "type": "OpenApiConnection",
          "inputs": {
            "parameters": {
              "dataset": "https://tsj21.sharepoint.com/sites/Production",
              "table": "390952c6-ff5f-4bbd-a8af-f88ef9019b8a",
              "id": 1,
              "item/Data": "@{body('Parse_JSON')?['data']}"
            },
            "host": {
              "apiId": "/providers/Microsoft.PowerApps/apis/shared_sharepointonline",
              "connectionName": "shared_sharepointonline",
              "operationId": "PatchItem"
            },
            "authentication": "@parameters('$authentication')"
          }
        }
      }
    },
    "templateName": null
  },
  "schemaVersion": "1.0.0.0"
}